id,bucket_id,name,owner,created_at,updated_at,last_accessed_at,metadata,path_tokens,version,owner_id,user_metadata
02261374-4dcd-48b1-9485-f7aa44a0cfd0,gallery,9eae7c8c-22a6-4c4c-81dd-7cc48f58fbf6-5cc691f7-64bf-43a0-9dc3-4ed5ba3a51a5.jpg,,2025-02-28 23:03:07.878953+00,2025-02-28 23:03:07.878953+00,2025-02-28 23:03:07.878953+00,"{""eTag"": ""\""15323d22c2285df2f5237d00b033467f\"""", ""size"": 581874, ""mimetype"": ""image/png"", ""cacheControl"": ""max-age=3600"", ""lastModified"": ""2025-02-28T23:03:08.000Z"", ""contentLength"": 581874, ""httpStatusCode"": 200}","[""9eae7c8c-22a6-4c4c-81dd-7cc48f58fbf6-5cc691f7-64bf-43a0-9dc3-4ed5ba3a51a5.jpg""]",3fc7daa7-fd4c-4d9b-8fe9-d0aa79c972f4,,{}
03d6d4a8-ab25-4e28-9edd-cbd4c41482c8,models,af5901a4-7d8d-49d6-836c-fa16731e5e37.jpg,,2025-02-25 20:11:07.567619+00,2025-02-25 20:11:07.567619+00,2025-02-25 20:11:07.567619+00,"{""eTag"": ""\""9067e59a944909771b36dea1b2d065b1\"""", ""size"": 63210, ""mimetype"": ""image/jpeg"", ""cacheControl"": ""max-age=3600"", ""lastModified"": ""2025-02-25T20:11:08.000Z"", ""contentLength"": 63210, ""httpStatusCode"": 200}","[""af5901a4-7d8d-49d6-836c-fa16731e5e37.jpg""]",fea9bddc-315b-4191-8ecb-bf66e93517ea,,{}
07420ef9-e77f-4bc4-ab8b-8b9ce2097fcb,garment-images,8f1b0cd3-0656-404d-a026-e9c26deb5c01-wersi-elbise-24y477-d98b6a.png,770a6624-1044-4d3f-92ce-b107c76c0963,2025-02-24 21:03:02.572846+00,2025-02-24 21:03:02.572846+00,2025-02-24 21:03:02.572846+00,"{""eTag"": ""\""632f2c1c79e1dbf33312523af2936330-2\"""", ""size"": 7260796, ""mimetype"": ""image/png"", ""cacheControl"": ""max-age=3600"", ""lastModified"": ""2025-02-24T21:03:02.000Z"", ""contentLength"": 7260796, ""httpStatusCode"": 200}","[""8f1b0cd3-0656-404d-a026-e9c26deb5c01-wersi-elbise-24y477-d98b6a.png""]",c7bfe52c-7ed7-4c5c-af42-6f9153d2d49a,770a6624-1044-4d3f-92ce-b107c76c0963,{}
07889a42-802a-4baa-a4f7-3e730d717966,models,ai-generated-81914d9c-7e3e-4044-8f44-fe3a3a1e61d4.png,e4069ef9-625b-4140-9bee-8efc5e90da4f,2025-03-04 02:08:53.963531+00,2025-03-04 02:08:53.963531+00,2025-03-04 02:08:53.963531+00,"{""eTag"": ""\""921bda772c3a86482660055d4e076fa5\"""", ""size"": 176515, ""mimetype"": ""image/jpeg"", ""cacheControl"": ""max-age=3600"", ""lastModified"": ""2025-03-04T02:08:54.000Z"", ""contentLength"": 176515, ""httpStatusCode"": 200}","[""ai-generated-81914d9c-7e3e-4044-8f44-fe3a3a1e61d4.png""]",90c75545-276a-4026-9cc0-ab7f2f6a4bcc,e4069ef9-625b-4140-9bee-8efc5e90da4f,"{""source"": ""AI Generated"", ""category"": ""AI Generated"", ""aiGenerated"": ""true""}"
0c0daa20-3741-43ab-84c6-878157d83c79,models,5b9e0398-affc-4be1-9e47-2433fba79f52/ai-model-3a57a948.png,5b9e0398-affc-4be1-9e47-2433fba79f52,2025-04-17 20:16:20.433014+00,2025-04-17 20:16:20.433014+00,2025-04-17 20:16:20.433014+00,"{""eTag"": ""\""e1dd374134fe358649a3a7d039ea3123\"""", ""size"": 306093, ""mimetype"": ""image/jpeg"", ""cacheControl"": ""max-age=3600"", ""lastModified"": ""2025-04-17T20:16:21.000Z"", ""contentLength"": 306093, ""httpStatusCode"": 200}","[""5b9e0398-affc-4be1-9e47-2433fba79f52"",""ai-model-3a57a948.png""]",e922f744-e5a9-4f74-bf92-475cb97556c7,5b9e0398-affc-4be1-9e47-2433fba79f52,"{""source"": ""AI Generated"", ""category"": ""AI Model""}"
0c198579-486d-4e87-8be5-a46573869422,models,ai-generated-8f83aae9-28d5-4487-9a26-5b3b35d909aa.png,585eb7cd-ab09-4c53-92b3-cc5c61e7bc64,2025-04-18 20:51:01.84424+00,2025-04-18 20:51:01.84424+00,2025-04-18 20:51:01.84424+00,"{""eTag"": ""\""60f19b86b710b46b4fdd81af20684373\"""", ""size"": 397112, ""mimetype"": ""image/jpeg"", ""cacheControl"": ""max-age=3600"", ""lastModified"": ""2025-04-18T20:51:02.000Z"", ""contentLength"": 397112, ""httpStatusCode"": 200}","[""ai-generated-8f83aae9-28d5-4487-9a26-5b3b35d909aa.png""]",51289d6c-6934-4543-8f42-e60d883da4c7,585eb7cd-ab09-4c53-92b3-cc5c61e7bc64,"{""source"": ""AI Generated"", ""category"": ""AI Generated"", ""aiGenerated"": ""true""}"
0d680765-e754-4f96-97c2-6e9281086f86,models,5a8658da-7827-4030-becc-cb8b15027b49.png,,2025-02-28 21:06:44.055154+00,2025-02-28 21:06:44.055154+00,2025-02-28 21:06:44.055154+00,"{""eTag"": ""\""6b7e48739640158a347be2c0f7d0de8f\"""", ""size"": 217130, ""mimetype"": ""image/jpeg"", ""cacheControl"": ""max-age=3600"", ""lastModified"": ""2025-02-28T21:06:44.000Z"", ""contentLength"": 217130, ""httpStatusCode"": 200}","[""5a8658da-7827-4030-becc-cb8b15027b49.png""]",d4b71b65-1029-4671-b29e-4260fd04b230,,"{""source"": ""AI Generated"", ""category"": ""AI Generated""}"
1099bb6a-c684-4f31-9c84-ccf78ccab509,gallery,fd5099cb-bbe1-4c3f-a486-21bb76baad7f.jpg,e4069ef9-625b-4140-9bee-8efc5e90da4f,2025-03-04 20:27:16.688798+00,2025-03-04 20:27:16.688798+00,2025-03-04 20:27:16.688798+00,"{""eTag"": ""\""7e5492e7a2689904c64bf9f04f74db2d\"""", ""size"": 628736, ""mimetype"": ""image/png"", ""cacheControl"": ""max-age=3600"", ""lastModified"": ""2025-03-04T20:27:17.000Z"", ""contentLength"": 628736, ""httpStatusCode"": 200}","[""fd5099cb-bbe1-4c3f-a486-21bb76baad7f.jpg""]",d7dbb304-45fb-4400-b314-dcf2da5d61bf,e4069ef9-625b-4140-9bee-8efc5e90da4f,{}
18d51151-8fd1-4019-8cbe-37b0b25a34d3,gallery,2e964ca8-e887-4da6-9ffb-28e8da457f2b-4be8ae30-dbda-48bc-ab19-a60e3dac65b4-a12e1ee8-2ae6-4488-af56-be691449c9bd.jpg,,2025-02-27 19:24:40.415826+00,2025-02-27 19:24:40.415826+00,2025-02-27 19:24:40.415826+00,"{""eTag"": ""\""df8fc817d9de196ac7aee954c0659825\"""", ""size"": 617628, ""mimetype"": ""image/png"", ""cacheControl"": ""max-age=3600"", ""lastModified"": ""2025-02-27T19:24:41.000Z"", ""contentLength"": 617628, ""httpStatusCode"": 200}","[""2e964ca8-e887-4da6-9ffb-28e8da457f2b-4be8ae30-dbda-48bc-ab19-a60e3dac65b4-a12e1ee8-2ae6-4488-af56-be691449c9bd.jpg""]",4f97f540-ee4b-49df-9480-5a1a40b46f67,,{}
1e30fb81-cfb8-433d-9d7c-13c14e9e94dd,model-images,4ad42e47-2f27-472d-9e72-fc605c03dd45-101a90758_kahve.png,770a6624-1044-4d3f-92ce-b107c76c0963,2025-02-24 21:01:42.519082+00,2025-02-24 21:01:42.519082+00,2025-02-24 21:01:42.519082+00,"{""eTag"": ""\""d68b83518a997fa7766ad8a176be4d3e\"""", ""size"": 813500, ""mimetype"": ""image/png"", ""cacheControl"": ""max-age=3600"", ""lastModified"": ""2025-02-24T21:01:43.000Z"", ""contentLength"": 813500, ""httpStatusCode"": 200}","[""4ad42e47-2f27-472d-9e72-fc605c03dd45-101a90758_kahve.png""]",a3378750-18c3-4dc3-9a62-1a731d5d6dee,770a6624-1044-4d3f-92ce-b107c76c0963,{}
204806ea-768e-4987-bb70-dc87f479e156,models,default/TrendyMirror_8.png,,2025-02-26 20:09:11.700611+00,2025-02-26 20:09:11.700611+00,2025-02-26 20:09:11.700611+00,"{""eTag"": ""\""bb3435ffe3625395c30d968e4ac8bc53-1\"""", ""size"": 831878, ""mimetype"": ""image/png"", ""cacheControl"": ""max-age=3600"", ""lastModified"": ""2025-02-26T20:09:11.000Z"", ""contentLength"": 831878, ""httpStatusCode"": 200}","[""default"",""TrendyMirror_8.png""]",a5389dad-df2c-4ee4-b689-493801e1bea8,,
20763a69-fb46-4175-9db6-3fdbfdad52a7,models,ai-generated-0b8d5d5b-7f83-4947-a35b-925b27e4fb9b.png,75b1fd18-c490-40ed-baef-8575bd1f7285,2025-04-18 16:35:15.922688+00,2025-04-18 16:35:15.922688+00,2025-04-18 16:35:15.922688+00,"{""eTag"": ""\""782921ef82b062e0464af6d80a56623f\"""", ""size"": 394976, ""mimetype"": ""image/jpeg"", ""cacheControl"": ""max-age=3600"", ""lastModified"": ""2025-04-18T16:35:16.000Z"", ""contentLength"": 394976, ""httpStatusCode"": 200}","[""ai-generated-0b8d5d5b-7f83-4947-a35b-925b27e4fb9b.png""]",ea2a6f7c-b547-45c3-8596-982a98b13789,75b1fd18-c490-40ed-baef-8575bd1f7285,"{""source"": ""AI Generated"", ""category"": ""AI Generated"", ""aiGenerated"": ""true""}"
20e4f01f-4236-4260-8989-a44b98d6c951,gallery,004b93f1-bdd5-4256-9add-9f7caa3c05d8-f1241486-c0dc-4bb6-a6d2-83775710975f-88a81d97-790b-4828-8804-ea3ab5ae4da7.jpg,,2025-02-27 19:09:06.529384+00,2025-02-27 19:09:06.529384+00,2025-02-27 19:09:06.529384+00,"{""eTag"": ""\""5cb97319599d97dc7cde5cb763356239\"""", ""size"": 594769, ""mimetype"": ""image/png"", ""cacheControl"": ""max-age=3600"", ""lastModified"": ""2025-02-27T19:09:07.000Z"", ""contentLength"": 594769, ""httpStatusCode"": 200}","[""004b93f1-bdd5-4256-9add-9f7caa3c05d8-f1241486-c0dc-4bb6-a6d2-83775710975f-88a81d97-790b-4828-8804-ea3ab5ae4da7.jpg""]",c5468768-5816-4a1f-a454-13f8327958ce,,{}
26573043-359f-41f3-9ca0-07f8100f0e20,gallery,c2d8c842-2d02-4a95-8052-8f903ef9a32c.jpg,c684d189-c907-48b0-a945-d65bcfc70346,2025-03-02 20:17:34.00777+00,2025-03-02 20:17:34.00777+00,2025-03-02 20:17:34.00777+00,"{""eTag"": ""\""0f07661c422df203012b3ee4882fa14e\"""", ""size"": 552210, ""mimetype"": ""image/png"", ""cacheControl"": ""max-age=3600"", ""lastModified"": ""2025-03-02T20:17:34.000Z"", ""contentLength"": 552210, ""httpStatusCode"": 200}","[""c2d8c842-2d02-4a95-8052-8f903ef9a32c.jpg""]",a8ae8443-b9e8-4873-8c55-4f59015ca242,c684d189-c907-48b0-a945-d65bcfc70346,{}
2867b389-c6df-4c12-9235-25d49334a1eb,gallery,df04fee6-46f8-4d30-b11a-7719f34029b2-ca01fedf-0eeb-4292-9536-806a28968073.jpg,452a5302-b6aa-4924-8b8e-ceff1335f281,2025-03-04 10:01:58.392014+00,2025-03-04 10:01:58.392014+00,2025-03-04 10:01:58.392014+00,"{""eTag"": ""\""16036d483569c8ea306599c533826643\"""", ""size"": 563332, ""mimetype"": ""image/png"", ""cacheControl"": ""max-age=3600"", ""lastModified"": ""2025-03-04T10:01:59.000Z"", ""contentLength"": 563332, ""httpStatusCode"": 200}","[""df04fee6-46f8-4d30-b11a-7719f34029b2-ca01fedf-0eeb-4292-9536-806a28968073.jpg""]",11c4aab0-da45-4dfa-8b5d-9de10e9693cb,452a5302-b6aa-4924-8b8e-ceff1335f281,{}
2a616cc3-27d0-4f73-8541-be6e26bce52f,models,default/TrendyMirror_14.png,,2025-02-26 20:09:14.473515+00,2025-02-26 20:09:14.473515+00,2025-02-26 20:09:14.473515+00,"{""eTag"": ""\""dd187892a4a760061e556029c7630588-1\"""", ""size"": 1072642, ""mimetype"": ""image/png"", ""cacheControl"": ""max-age=3600"", ""lastModified"": ""2025-02-26T20:09:14.000Z"", ""contentLength"": 1072642, ""httpStatusCode"": 200}","[""default"",""TrendyMirror_14.png""]",06f78e0b-12fa-465b-b2b8-f6a9b89c9931,,
2bb36c31-44ac-4cb6-9679-9eabc289366d,models,a4b60424-4a71-47f3-b9da-dc822f726ca4.png,,2025-02-25 20:11:19.763498+00,2025-02-25 20:11:19.763498+00,2025-02-25 20:11:19.763498+00,"{""eTag"": ""\""d68b83518a997fa7766ad8a176be4d3e\"""", ""size"": 813500, ""mimetype"": ""image/png"", ""cacheControl"": ""max-age=3600"", ""lastModified"": ""2025-02-25T20:11:20.000Z"", ""contentLength"": 813500, ""httpStatusCode"": 200}","[""a4b60424-4a71-47f3-b9da-dc822f726ca4.png""]",be508180-9fdc-4629-9702-8c8de756a8bf,,{}
2bbe13f9-a5c6-4364-8134-0ebc369fcaff,models,default/TrendyMirror_5.png,,2025-02-26 20:09:11.117622+00,2025-02-26 20:09:11.117622+00,2025-02-26 20:09:11.117622+00,"{""eTag"": ""\""4c1a375d762501d783c4ce0c099dbfce-1\"""", ""size"": 183523, ""mimetype"": ""image/png"", ""cacheControl"": ""max-age=3600"", ""lastModified"": ""2025-02-26T20:09:11.000Z"", ""contentLength"": 183523, ""httpStatusCode"": 200}","[""default"",""TrendyMirror_5.png""]",36050fad-a59b-4bc0-aef3-115a6e78c609,,
2cd20f4d-1fac-4630-95cc-bbe8e02ede85,products,676aff6c-34a9-483a-945b-b8cf0e30d0fb-top.png,,2025-02-26 20:41:09.03249+00,2025-02-26 20:41:09.03249+00,2025-02-26 20:41:09.03249+00,"{""eTag"": ""\""cd7cd88f2d9e0ed7b009647c230cdf4d\"""", ""size"": 1268976, ""mimetype"": ""image/png"", ""cacheControl"": ""max-age=3600"", ""lastModified"": ""2025-02-26T20:41:09.000Z"", ""contentLength"": 1268976, ""httpStatusCode"": 200}","[""676aff6c-34a9-483a-945b-b8cf0e30d0fb-top.png""]",f9ec6082-62e5-4804-95bd-d30ad5ec7230,,{}
2eaa8703-001e-4544-a208-22b14e497b21,gallery,31fb8edd-fff7-4fd2-bcf3-39809febc81d.jpg,75b1fd18-c490-40ed-baef-8575bd1f7285,2025-04-18 16:40:42.079582+00,2025-04-18 16:40:42.079582+00,2025-04-18 16:40:42.079582+00,"{""eTag"": ""\""d0324c88d8fb73c1d8fee992c0809180\"""", ""size"": 593431, ""mimetype"": ""image/png"", ""cacheControl"": ""max-age=3600"", ""lastModified"": ""2025-04-18T16:40:42.000Z"", ""contentLength"": 593431, ""httpStatusCode"": 200}","[""31fb8edd-fff7-4fd2-bcf3-39809febc81d.jpg""]",5d4035fd-426e-4b97-b4d6-6b23e2a54a6e,75b1fd18-c490-40ed-baef-8575bd1f7285,{}
30f329ec-2fc7-4f9b-8a45-abfb29f5ac9a,result-images,9fe1021f-9757-4171-9085-bf334ef4d1f0.png,770a6624-1044-4d3f-92ce-b107c76c0963,2025-02-24 21:13:42.795934+00,2025-02-24 21:13:42.795934+00,2025-02-24 21:13:42.795934+00,"{""eTag"": ""\""b5517e6d78b039d025d6546f92440148\"""", ""size"": 515730, ""mimetype"": ""image/png"", ""cacheControl"": ""max-age=3600"", ""lastModified"": ""2025-02-24T21:13:43.000Z"", ""contentLength"": 515730, ""httpStatusCode"": 200}","[""9fe1021f-9757-4171-9085-bf334ef4d1f0.png""]",e97d6d2b-eea6-4b54-ab15-ea7d68919276,770a6624-1044-4d3f-92ce-b107c76c0963,{}
31a432bf-38b1-4083-b1a4-949be8338d83,models,ai-generated-98a26eb1-6078-4075-a758-7e41822611f2.png,585eb7cd-ab09-4c53-92b3-cc5c61e7bc64,2025-04-18 20:50:11.393402+00,2025-04-18 20:50:11.393402+00,2025-04-18 20:50:11.393402+00,"{""eTag"": ""\""2f56309cf2b442076277e0e4a7d79d5a\"""", ""size"": 292540, ""mimetype"": ""image/jpeg"", ""cacheControl"": ""max-age=3600"", ""lastModified"": ""2025-04-18T20:50:12.000Z"", ""contentLength"": 292540, ""httpStatusCode"": 200}","[""ai-generated-98a26eb1-6078-4075-a758-7e41822611f2.png""]",60e14348-dff1-4bbb-9f55-aeedd16e9004,585eb7cd-ab09-4c53-92b3-cc5c61e7bc64,"{""source"": ""AI Generated"", ""category"": ""AI Generated"", ""aiGenerated"": ""true""}"
36d98ec3-7ad1-41b5-839b-966b8b16db1b,models,9f359038-7526-49ba-8f83-0f33eb68c3fe-Your Model.png,452a5302-b6aa-4924-8b8e-ceff1335f281,2025-03-04 10:01:53.693608+00,2025-03-04 10:01:53.693608+00,2025-03-04 10:01:53.693608+00,"{""eTag"": ""\""6cfebb0a124d20dc53e3ddf812776b7f\"""", ""size"": 942263, ""mimetype"": ""image/png"", ""cacheControl"": ""max-age=3600"", ""lastModified"": ""2025-03-04T10:01:54.000Z"", ""contentLength"": 942263, ""httpStatusCode"": 200}","[""9f359038-7526-49ba-8f83-0f33eb68c3fe-Your Model.png""]",7dd2dfef-3745-492b-b574-681f3a0c9d5b,452a5302-b6aa-4924-8b8e-ceff1335f281,{}
3c6f922c-c636-43dc-96eb-b6c82ff604c4,models,default/TrendyMirror_12.png,,2025-02-26 20:09:13.02424+00,2025-02-26 20:09:13.02424+00,2025-02-26 20:09:13.02424+00,"{""eTag"": ""\""3e33fc0e8efb5c9c24224b022b461c5f-1\"""", ""size"": 780848, ""mimetype"": ""image/png"", ""cacheControl"": ""max-age=3600"", ""lastModified"": ""2025-02-26T20:09:13.000Z"", ""contentLength"": 780848, ""httpStatusCode"": 200}","[""default"",""TrendyMirror_12.png""]",d2a71c17-ec09-41cc-829d-aaadb7edda96,,
3d1b575e-5024-45d2-aabc-178f0770ce61,models,ai-generated-f84b2cd2-2a76-4545-8880-07a40afda485.png,,2025-02-28 21:09:46.946359+00,2025-02-28 21:09:46.946359+00,2025-02-28 21:09:46.946359+00,"{""eTag"": ""\""42671fb312eb7d33fbc956693abd1b76\"""", ""size"": 197248, ""mimetype"": ""image/jpeg"", ""cacheControl"": ""max-age=3600"", ""lastModified"": ""2025-02-28T21:09:47.000Z"", ""contentLength"": 197248, ""httpStatusCode"": 200}","[""ai-generated-f84b2cd2-2a76-4545-8880-07a40afda485.png""]",145483de-7072-469f-a5d3-af67dc95411a,,"{""source"": ""AI Generated"", ""category"": ""AI Generated"", ""aiGenerated"": ""true""}"
3ee9c687-a53c-4f83-bb8e-60e6c32963e2,models,3cd5a867-cb88-4e12-8b58-d3ead6b69742-Your Model.png,e4069ef9-625b-4140-9bee-8efc5e90da4f,2025-03-06 11:05:12.601893+00,2025-03-06 11:05:12.601893+00,2025-03-06 11:05:12.601893+00,"{""eTag"": ""\""08e1d53eeba8dcdb726030dc63937cab\"""", ""size"": 965663, ""mimetype"": ""image/png"", ""cacheControl"": ""max-age=3600"", ""lastModified"": ""2025-03-06T11:05:13.000Z"", ""contentLength"": 965663, ""httpStatusCode"": 200}","[""3cd5a867-cb88-4e12-8b58-d3ead6b69742-Your Model.png""]",6499061e-21d6-4c0c-9666-07ede42f45bb,e4069ef9-625b-4140-9bee-8efc5e90da4f,{}
3fe49145-2e80-445e-9eac-d7b768f3d988,gallery,48b14a66-b67f-4631-aea5-70318c6fe611.jpg,75b1fd18-c490-40ed-baef-8575bd1f7285,2025-04-17 23:20:30.853406+00,2025-04-17 23:20:30.853406+00,2025-04-17 23:20:30.853406+00,"{""eTag"": ""\""d0324c88d8fb73c1d8fee992c0809180\"""", ""size"": 593431, ""mimetype"": ""image/png"", ""cacheControl"": ""max-age=3600"", ""lastModified"": ""2025-04-17T23:20:31.000Z"", ""contentLength"": 593431, ""httpStatusCode"": 200}","[""48b14a66-b67f-4631-aea5-70318c6fe611.jpg""]",e194e1e1-a3a6-43b8-a61c-d649bddcb76c,75b1fd18-c490-40ed-baef-8575bd1f7285,{}
40a59fe1-9466-47bc-aa81-2081e100c2b5,products,default/red_dress.jpg,,2025-02-27 18:45:09.749572+00,2025-02-27 18:45:09.749572+00,2025-02-27 18:45:09.749572+00,"{""eTag"": ""\""cc96eebe4bc0101c9903898993c35754-1\"""", ""size"": 1058396, ""mimetype"": ""image/jpeg"", ""cacheControl"": ""max-age=3600"", ""lastModified"": ""2025-02-27T18:45:08.000Z"", ""contentLength"": 1058396, ""httpStatusCode"": 200}","[""default"",""red_dress.jpg""]",2622c762-f28d-4c03-ab7b-8cca666f567e,,
4a6e2907-5197-44de-ae11-1234244ba4a3,products,25fe8209-8250-4d27-9db5-b778e96c01b0-bottom.jpg,,2025-02-27 20:36:50.273957+00,2025-02-27 20:36:50.273957+00,2025-02-27 20:36:50.273957+00,"{""eTag"": ""\""43a3290944a5c8be8711085b0b135321\"""", ""size"": 91282, ""mimetype"": ""image/jpeg"", ""cacheControl"": ""max-age=3600"", ""lastModified"": ""2025-02-27T20:36:51.000Z"", ""contentLength"": 91282, ""httpStatusCode"": 200}","[""25fe8209-8250-4d27-9db5-b778e96c01b0-bottom.jpg""]",110eee49-ca9d-49e7-8ad9-b8c6455bbba1,,{}
4bfe80ff-7f4d-4ade-b870-fbc2ab137364,models,ai-generated-00dfd294-b5c8-422b-90f4-226eb5881317.png,d73f4664-cf3b-4b3e-8805-810b742deaa2,2025-04-17 23:30:57.367002+00,2025-04-17 23:30:57.367002+00,2025-04-17 23:30:57.367002+00,"{""eTag"": ""\""e1dd374134fe358649a3a7d039ea3123\"""", ""size"": 306093, ""mimetype"": ""image/jpeg"", ""cacheControl"": ""max-age=3600"", ""lastModified"": ""2025-04-17T23:30:58.000Z"", ""contentLength"": 306093, ""httpStatusCode"": 200}","[""ai-generated-00dfd294-b5c8-422b-90f4-226eb5881317.png""]",2705e5a0-1ed9-48ec-99c9-659aa6ada3ff,d73f4664-cf3b-4b3e-8805-810b742deaa2,"{""source"": ""AI Generated"", ""category"": ""AI Generated"", ""aiGenerated"": ""true""}"
4e318b20-2524-48ef-aed3-7a1e0f2105e2,models,9ea2a0bd-60e0-4586-a347-ab64326c9776-Your Model.png,e4069ef9-625b-4140-9bee-8efc5e90da4f,2025-03-06 11:07:02.76687+00,2025-03-06 11:07:02.76687+00,2025-03-06 11:07:02.76687+00,"{""eTag"": ""\""08e1d53eeba8dcdb726030dc63937cab\"""", ""size"": 965663, ""mimetype"": ""image/png"", ""cacheControl"": ""max-age=3600"", ""lastModified"": ""2025-03-06T11:07:03.000Z"", ""contentLength"": 965663, ""httpStatusCode"": 200}","[""9ea2a0bd-60e0-4586-a347-ab64326c9776-Your Model.png""]",9105bac7-7555-4811-ba8b-26d42cc60643,e4069ef9-625b-4140-9bee-8efc5e90da4f,{}
4fac0a50-7fc4-4723-83a5-6733d3ac9bfc,models,user_452a5302-b6aa-4924-8b8e-ceff1335f281/509fe2c7-e47b-4b22-a985-5589bd041def.jpg,452a5302-b6aa-4924-8b8e-ceff1335f281,2025-03-04 10:00:48.271456+00,2025-03-04 10:00:48.271456+00,2025-03-04 10:00:48.271456+00,"{""eTag"": ""\""d6ece5487f94fe5316e394a0594e80b1\"""", ""size"": 514026, ""mimetype"": ""image/jpeg"", ""cacheControl"": ""max-age=3600"", ""lastModified"": ""2025-03-04T10:00:49.000Z"", ""contentLength"": 514026, ""httpStatusCode"": 200}","[""user_452a5302-b6aa-4924-8b8e-ceff1335f281"",""509fe2c7-e47b-4b22-a985-5589bd041def.jpg""]",1dd715c6-dac1-4109-9300-89e87abfb2a6,452a5302-b6aa-4924-8b8e-ceff1335f281,"{""source"": ""My Model"", ""category"": ""Uncategorized""}"
4fe4d6e8-634b-4d7d-a14e-59ebc8915a1a,gallery,7a7409f1-3a25-4d73-bccd-fd3d2ff59a17.jpg,452a5302-b6aa-4924-8b8e-ceff1335f281,2025-03-04 14:51:18.614024+00,2025-03-04 14:51:18.614024+00,2025-03-04 14:51:18.614024+00,"{""eTag"": ""\""7e5492e7a2689904c64bf9f04f74db2d\"""", ""size"": 628736, ""mimetype"": ""image/png"", ""cacheControl"": ""max-age=3600"", ""lastModified"": ""2025-03-04T14:51:19.000Z"", ""contentLength"": 628736, ""httpStatusCode"": 200}","[""7a7409f1-3a25-4d73-bccd-fd3d2ff59a17.jpg""]",44db980c-f5d6-4157-b463-6796e6b2570a,452a5302-b6aa-4924-8b8e-ceff1335f281,{}
5031b46d-29be-4f81-bf86-578fed651596,garment-images,1cdbee30-f842-4c0e-8e14-06ac960b2d19-wersi-elbise-24y477-d98b6a.png,770a6624-1044-4d3f-92ce-b107c76c0963,2025-02-24 21:01:45.460744+00,2025-02-24 21:01:45.460744+00,2025-02-24 21:01:45.460744+00,"{""eTag"": ""\""632f2c1c79e1dbf33312523af2936330-2\"""", ""size"": 7260796, ""mimetype"": ""image/png"", ""cacheControl"": ""max-age=3600"", ""lastModified"": ""2025-02-24T21:01:46.000Z"", ""contentLength"": 7260796, ""httpStatusCode"": 200}","[""1cdbee30-f842-4c0e-8e14-06ac960b2d19-wersi-elbise-24y477-d98b6a.png""]",fceca691-a564-4ead-bbbb-662dbccae185,770a6624-1044-4d3f-92ce-b107c76c0963,{}
52fadb88-9101-4bb5-8581-ff0e796787c0,models,default/TrendyMirror_6.png,,2025-02-26 20:09:11.592328+00,2025-02-26 20:09:11.592328+00,2025-02-26 20:09:11.592328+00,"{""eTag"": ""\""b6e057205c91b995f5c3df52787fa4ee-1\"""", ""size"": 756737, ""mimetype"": ""image/png"", ""cacheControl"": ""max-age=3600"", ""lastModified"": ""2025-02-26T20:09:11.000Z"", ""contentLength"": 756737, ""httpStatusCode"": 200}","[""default"",""TrendyMirror_6.png""]",6ef1d61d-68b4-4469-94a7-8688e7749865,,
55c6d64d-5f37-42d9-ab5f-7aeb4c294dbb,gallery,f3bff81d-b53c-4e10-99e1-83dcab28913c-1fffb3a5-1ab5-4d74-a71f-a0d1c969c838.jpg,e4069ef9-625b-4140-9bee-8efc5e90da4f,2025-03-06 11:05:18.906537+00,2025-03-06 11:05:18.906537+00,2025-03-06 11:05:18.906537+00,"{""eTag"": ""\""1a444dcbfc79a0fd82ce9c5fbc4e87a4\"""", ""size"": 622355, ""mimetype"": ""image/png"", ""cacheControl"": ""max-age=3600"", ""lastModified"": ""2025-03-06T11:05:19.000Z"", ""contentLength"": 622355, ""httpStatusCode"": 200}","[""f3bff81d-b53c-4e10-99e1-83dcab28913c-1fffb3a5-1ab5-4d74-a71f-a0d1c969c838.jpg""]",42a06344-3ba1-4b5b-a3fe-1a50f1866554,e4069ef9-625b-4140-9bee-8efc5e90da4f,{}
618c071f-a1f3-4495-aec2-52705841fa7b,gallery,baa42cc9-663b-47df-93b6-64971bf12f51-7e8f1b91-cd9a-4242-b38c-3b810895f7c8.jpg,,2025-02-27 20:36:19.081387+00,2025-02-27 20:36:19.081387+00,2025-02-27 20:36:19.081387+00,"{""eTag"": ""\""90744c7d9755e2c931841d5d37d87462\"""", ""size"": 571380, ""mimetype"": ""image/png"", ""cacheControl"": ""max-age=3600"", ""lastModified"": ""2025-02-27T20:36:19.000Z"", ""contentLength"": 571380, ""httpStatusCode"": 200}","[""baa42cc9-663b-47df-93b6-64971bf12f51-7e8f1b91-cd9a-4242-b38c-3b810895f7c8.jpg""]",1b6e231b-45bc-4d6e-ab71-802514ab3137,,{}
6263974c-f8c8-4791-a50b-f3e9bfa48c54,garment-images,520cabd8-7552-4772-97fd-b8014af60229-wersi-elbise-24y477-d98b6a.png,770a6624-1044-4d3f-92ce-b107c76c0963,2025-02-24 21:08:40.177601+00,2025-02-24 21:08:40.177601+00,2025-02-24 21:08:40.177601+00,"{""eTag"": ""\""632f2c1c79e1dbf33312523af2936330-2\"""", ""size"": 7260796, ""mimetype"": ""image/png"", ""cacheControl"": ""max-age=3600"", ""lastModified"": ""2025-02-24T21:08:40.000Z"", ""contentLength"": 7260796, ""httpStatusCode"": 200}","[""520cabd8-7552-4772-97fd-b8014af60229-wersi-elbise-24y477-d98b6a.png""]",ef49e5e8-98b6-4814-9de3-a75ff7c71caf,770a6624-1044-4d3f-92ce-b107c76c0963,{}
662ce249-d8f3-46f7-b3c6-7102747a12d9,gallery,7a27f5ac-c8f5-48fc-a6e8-a64943b32551-8fca6cee-3614-4717-a6f2-22482b70d77c-1130737a-b01c-4441-b3a4-c114a2c4d3eb.jpg,,2025-02-27 19:14:34.999085+00,2025-02-27 19:14:34.999085+00,2025-02-27 19:14:34.999085+00,"{""eTag"": ""\""3297db08079ae5d662bcf89b76008969\"""", ""size"": 566067, ""mimetype"": ""image/png"", ""cacheControl"": ""max-age=3600"", ""lastModified"": ""2025-02-27T19:14:35.000Z"", ""contentLength"": 566067, ""httpStatusCode"": 200}","[""7a27f5ac-c8f5-48fc-a6e8-a64943b32551-8fca6cee-3614-4717-a6f2-22482b70d77c-1130737a-b01c-4441-b3a4-c114a2c4d3eb.jpg""]",23f93501-de59-4772-ae90-b50018a7f84d,,{}
67ad5a28-75b3-405f-9a55-38306d8daf9d,models,5b9e0398-affc-4be1-9e47-2433fba79f52/ai-model-3b5f5037.png,5b9e0398-affc-4be1-9e47-2433fba79f52,2025-04-17 20:02:51.458197+00,2025-04-17 20:02:51.458197+00,2025-04-17 20:02:51.458197+00,"{""eTag"": ""\""027f0197f96558038152432580312e51\"""", ""size"": 396717, ""mimetype"": ""image/jpeg"", ""cacheControl"": ""max-age=3600"", ""lastModified"": ""2025-04-17T20:02:52.000Z"", ""contentLength"": 396717, ""httpStatusCode"": 200}","[""5b9e0398-affc-4be1-9e47-2433fba79f52"",""ai-model-3b5f5037.png""]",7b826e22-6ccb-4f0d-bf47-e0095c4417b0,5b9e0398-affc-4be1-9e47-2433fba79f52,"{""source"": ""AI Generated"", ""category"": ""AI Model""}"
687c7ad6-4e59-435a-ab60-00a3263d3bf6,products,5b9e0398-affc-4be1-9e47-2433fba79f52/bottom-2038ce70.png,,2025-04-17 20:17:13.44458+00,2025-04-17 20:17:13.44458+00,2025-04-17 20:17:13.44458+00,"{""eTag"": ""\""2f25dcfe8abb25e15eea44021eb7c9ad\"""", ""size"": 211053, ""mimetype"": ""image/png"", ""cacheControl"": ""max-age=3600"", ""lastModified"": ""2025-04-17T20:17:14.000Z"", ""contentLength"": 211053, ""httpStatusCode"": 200}","[""5b9e0398-affc-4be1-9e47-2433fba79f52"",""bottom-2038ce70.png""]",d7557b76-b9c0-4f7d-bb1a-3f8a5e4a4f53,,{}
68b5a585-b2f1-404e-9c00-28b02db15bb1,gallery,17a66d1b-edfa-4e54-9c36-cddc0dcddefc.jpg,,2025-02-28 23:09:59.186422+00,2025-02-28 23:09:59.186422+00,2025-02-28 23:09:59.186422+00,"{""eTag"": ""\""4ced907c451d9b6f783e26134eb307ea\"""", ""size"": 505541, ""mimetype"": ""image/png"", ""cacheControl"": ""max-age=3600"", ""lastModified"": ""2025-02-28T23:10:00.000Z"", ""contentLength"": 505541, ""httpStatusCode"": 200}","[""17a66d1b-edfa-4e54-9c36-cddc0dcddefc.jpg""]",4e4c5c7c-052d-417c-8df2-8049bf858e4e,,{}
6afc4e39-55af-492b-bc75-103c15b54f7d,models,5b9e0398-affc-4be1-9e47-2433fba79f52/80e06cad-09ff-4eb9-9e38-628ec5bd941b.png,5b9e0398-affc-4be1-9e47-2433fba79f52,2025-04-17 20:04:41.664403+00,2025-04-17 20:04:41.664403+00,2025-04-17 20:04:41.664403+00,"{""eTag"": ""\""c8a3f99a32658ad9b1655859fffb8513\"""", ""size"": 1107643, ""mimetype"": ""image/png"", ""cacheControl"": ""max-age=3600"", ""lastModified"": ""2025-04-17T20:04:42.000Z"", ""contentLength"": 1107643, ""httpStatusCode"": 200}","[""5b9e0398-affc-4be1-9e47-2433fba79f52"",""80e06cad-09ff-4eb9-9e38-628ec5bd941b.png""]",ac24decf-20a5-462c-b77f-5bbc997e59fd,5b9e0398-affc-4be1-9e47-2433fba79f52,"{""source"": ""My Model"", ""category"": ""Uncategorized""}"
6fbb298b-8807-473d-8115-faa6ac49777a,gallery,99b3d3dd-4898-4c10-8e5a-bd915e45b1d9-09ffe1e4-dc0e-4ac5-bdab-f97398a16ce1-8e4240ff-22dd-431c-82f6-247dddee8aff.jpg,,2025-02-25 23:55:48.631572+00,2025-02-25 23:55:48.631572+00,2025-02-25 23:55:48.631572+00,"{""eTag"": ""\""d6ece5487f94fe5316e394a0594e80b1\"""", ""size"": 514026, ""mimetype"": ""image/png"", ""cacheControl"": ""max-age=3600"", ""lastModified"": ""2025-02-25T23:55:49.000Z"", ""contentLength"": 514026, ""httpStatusCode"": 200}","[""99b3d3dd-4898-4c10-8e5a-bd915e45b1d9-09ffe1e4-dc0e-4ac5-bdab-f97398a16ce1-8e4240ff-22dd-431c-82f6-247dddee8aff.jpg""]",f6ec33ad-2819-404f-9d3b-2dd4cf2f43ad,,{}
7177e385-ce81-4921-b91a-70ea9405492c,gallery,3494b758-b144-467b-ac1d-ef6d0297fb4f-1d4a9d9b-2a99-44b2-a26f-e8496de60ff6.jpg,e4069ef9-625b-4140-9bee-8efc5e90da4f,2025-03-04 14:52:47.207651+00,2025-03-04 14:52:47.207651+00,2025-03-04 14:52:47.207651+00,"{""eTag"": ""\""01ca1b1bcd8174df384c514cb26548f6\"""", ""size"": 577528, ""mimetype"": ""image/png"", ""cacheControl"": ""max-age=3600"", ""lastModified"": ""2025-03-04T14:52:48.000Z"", ""contentLength"": 577528, ""httpStatusCode"": 200}","[""3494b758-b144-467b-ac1d-ef6d0297fb4f-1d4a9d9b-2a99-44b2-a26f-e8496de60ff6.jpg""]",f241c153-2070-4d26-928c-078f715ace03,e4069ef9-625b-4140-9bee-8efc5e90da4f,{}
73092f8e-45ef-4010-9fa9-ec7c41b5edcf,gallery,3e2581f0-0067-4b1d-8122-75ffa010ba75-784ca55e-6dfc-46ce-b083-6f8c1c5ff748.jpg,e4069ef9-625b-4140-9bee-8efc5e90da4f,2025-03-06 11:07:07.613913+00,2025-03-06 11:07:07.613913+00,2025-03-06 11:07:07.613913+00,"{""eTag"": ""\""6d4fb94bf3a873e561d6e4edfd2c66d1\"""", ""size"": 642201, ""mimetype"": ""image/png"", ""cacheControl"": ""max-age=3600"", ""lastModified"": ""2025-03-06T11:07:08.000Z"", ""contentLength"": 642201, ""httpStatusCode"": 200}","[""3e2581f0-0067-4b1d-8122-75ffa010ba75-784ca55e-6dfc-46ce-b083-6f8c1c5ff748.jpg""]",5b72bec3-758f-4dbb-8490-18dff0143ad5,e4069ef9-625b-4140-9bee-8efc5e90da4f,{}
7338f8e1-c9c0-4dc4-b2b6-e223b152b47b,models,a01651ce-d9f0-48de-bc68-0eb80b194a51-Your Model.jpg,,2025-02-28 22:22:18.932497+00,2025-02-28 22:22:18.932497+00,2025-02-28 22:22:18.932497+00,"{""eTag"": ""\""3754ab9f273b860ed53392eae6e550e9\"""", ""size"": 569867, ""mimetype"": ""image/jpeg"", ""cacheControl"": ""max-age=3600"", ""lastModified"": ""2025-02-28T22:22:19.000Z"", ""contentLength"": 569867, ""httpStatusCode"": 200}","[""a01651ce-d9f0-48de-bc68-0eb80b194a51-Your Model.jpg""]",904c7807-f4da-436c-b11c-8d7d9e438336,,{}
76f7b61a-335d-43e0-b6c4-c7031d658984,models,23b2656a-7650-4de7-91f6-f092ec473d20.png,,2025-02-26 20:30:42.806466+00,2025-02-26 20:30:42.806466+00,2025-02-26 20:30:42.806466+00,"{""eTag"": ""\""dbce28468c6197dd92c52ec37095bcf9\"""", ""size"": 3848447, ""mimetype"": ""image/png"", ""cacheControl"": ""max-age=3600"", ""lastModified"": ""2025-02-26T20:30:43.000Z"", ""contentLength"": 3848447, ""httpStatusCode"": 200}","[""23b2656a-7650-4de7-91f6-f092ec473d20.png""]",6704356a-06c7-4e4d-8010-286bc250a886,,{}
7811a3e9-fc68-4f81-81f6-cdc5b888a60a,models,ai-generated-e708b24c-d96f-481f-bccc-62cffe078b3b.png,e4069ef9-625b-4140-9bee-8efc5e90da4f,2025-03-04 02:09:53.206408+00,2025-03-04 02:09:53.206408+00,2025-03-04 02:09:53.206408+00,"{""eTag"": ""\""10489b2d5c91cf73b9ff175249f1bf7c\"""", ""size"": 172815, ""mimetype"": ""image/jpeg"", ""cacheControl"": ""max-age=3600"", ""lastModified"": ""2025-03-04T02:09:54.000Z"", ""contentLength"": 172815, ""httpStatusCode"": 200}","[""ai-generated-e708b24c-d96f-481f-bccc-62cffe078b3b.png""]",0fced182-424e-4095-95c5-1125a57d3c4f,e4069ef9-625b-4140-9bee-8efc5e90da4f,"{""source"": ""AI Generated"", ""category"": ""AI Generated"", ""aiGenerated"": ""true""}"
7938dac8-63a1-44c0-83a1-95380ee71747,models,0aadd0d1-f2c3-4d0f-97b5-35ef18478a88.png,,2025-02-27 18:31:14.257479+00,2025-02-27 18:31:14.257479+00,2025-02-27 18:31:14.257479+00,"{""eTag"": ""\""2fcf4f9af0df7bb06c14846988e02c1b\"""", ""size"": 417755, ""mimetype"": ""image/png"", ""cacheControl"": ""max-age=3600"", ""lastModified"": ""2025-02-27T18:31:15.000Z"", ""contentLength"": 417755, ""httpStatusCode"": 200}","[""0aadd0d1-f2c3-4d0f-97b5-35ef18478a88.png""]",2c69243d-9206-4b8b-9032-3179b329f66b,,{}
7976ebc1-e555-495b-91b3-d9f8686916a6,models,cbdde895-6c48-4ffd-b2c2-0773274d5733.png,,2025-02-28 21:01:30.317167+00,2025-02-28 21:01:30.317167+00,2025-02-28 21:01:30.317167+00,"{""eTag"": ""\""fe4cbc623b5fbb9a59477808b7808ea6\"""", ""size"": 171509, ""mimetype"": ""image/jpeg"", ""cacheControl"": ""max-age=3600"", ""lastModified"": ""2025-02-28T21:01:31.000Z"", ""contentLength"": 171509, ""httpStatusCode"": 200}","[""cbdde895-6c48-4ffd-b2c2-0773274d5733.png""]",b4fab2d7-dcc2-444f-91e1-e391e1c8a21e,,{}
7b4542f9-a8b6-4e56-a6db-0b05376eaeab,model-images,8f5ea1ec-e39e-4c5f-a985-bb94921f68a0-101a90758_kahve.png,770a6624-1044-4d3f-92ce-b107c76c0963,2025-02-24 21:08:37.088143+00,2025-02-24 21:08:37.088143+00,2025-02-24 21:08:37.088143+00,"{""eTag"": ""\""d68b83518a997fa7766ad8a176be4d3e\"""", ""size"": 813500, ""mimetype"": ""image/png"", ""cacheControl"": ""max-age=3600"", ""lastModified"": ""2025-02-24T21:08:37.000Z"", ""contentLength"": 813500, ""httpStatusCode"": 200}","[""8f5ea1ec-e39e-4c5f-a985-bb94921f68a0-101a90758_kahve.png""]",6268b812-4db9-49af-8de2-f708f2c24eb6,770a6624-1044-4d3f-92ce-b107c76c0963,{}
7ef978fc-9f34-41ba-ab5c-f98b9769c155,gallery,5ac44669-9093-47ca-866f-0a8ec2f5726d-42200ac0-162e-4373-a0cc-e6e95636305c-8de1df24-9185-4f1e-a6ee-2138fadf9847.jpg,,2025-02-27 19:09:58.237894+00,2025-02-27 19:09:58.237894+00,2025-02-27 19:09:58.237894+00,"{""eTag"": ""\""2a88399d7fe21699f910933dfc72c61c\"""", ""size"": 553512, ""mimetype"": ""image/png"", ""cacheControl"": ""max-age=3600"", ""lastModified"": ""2025-02-27T19:09:59.000Z"", ""contentLength"": 553512, ""httpStatusCode"": 200}","[""5ac44669-9093-47ca-866f-0a8ec2f5726d-42200ac0-162e-4373-a0cc-e6e95636305c-8de1df24-9185-4f1e-a6ee-2138fadf9847.jpg""]",0cdc8379-d52d-4b20-93da-cc7496717168,,{}
7fbf50cd-5b9f-48b3-a7d0-a1efb1a00501,gallery,8263745f-7a92-41eb-909d-75e22ad6a276.jpg,67c37841-3865-434f-95d8-caeb9ade49ca,2025-03-08 13:35:22.064151+00,2025-03-08 13:35:22.064151+00,2025-03-08 13:35:22.064151+00,"{""eTag"": ""\""9437f4d1442c33e77628469691511505\"""", ""size"": 627215, ""mimetype"": ""image/png"", ""cacheControl"": ""max-age=3600"", ""lastModified"": ""2025-03-08T13:35:22.000Z"", ""contentLength"": 627215, ""httpStatusCode"": 200}","[""8263745f-7a92-41eb-909d-75e22ad6a276.jpg""]",7fb78288-87eb-4cce-98d4-026be2488e11,67c37841-3865-434f-95d8-caeb9ade49ca,{}
805f5336-7bc6-455e-93ae-8c5e4fcecf7f,models,71a24e57-0741-44ca-9d70-90679cdf8ad9-Your Model.png,,2025-02-25 23:55:41.54119+00,2025-02-25 23:55:41.54119+00,2025-02-25 23:55:41.54119+00,"{""eTag"": ""\""30127c7c9b74259ef941e92bf640245f\"""", ""size"": 169261, ""mimetype"": ""image/png"", ""cacheControl"": ""max-age=3600"", ""lastModified"": ""2025-02-25T23:55:42.000Z"", ""contentLength"": 169261, ""httpStatusCode"": 200}","[""71a24e57-0741-44ca-9d70-90679cdf8ad9-Your Model.png""]",d9e67f83-c064-4608-94a6-4774c1f0a4fb,,{}
8094d8e6-fc35-4170-89ff-77054c3310c2,model-images,157aa3dd-6370-4096-831d-0c05ad2b9f97-101a90758_kahve.png,770a6624-1044-4d3f-92ce-b107c76c0963,2025-02-24 21:05:17.146206+00,2025-02-24 21:05:17.146206+00,2025-02-24 21:05:17.146206+00,"{""eTag"": ""\""d68b83518a997fa7766ad8a176be4d3e\"""", ""size"": 813500, ""mimetype"": ""image/png"", ""cacheControl"": ""max-age=3600"", ""lastModified"": ""2025-02-24T21:05:18.000Z"", ""contentLength"": 813500, ""httpStatusCode"": 200}","[""157aa3dd-6370-4096-831d-0c05ad2b9f97-101a90758_kahve.png""]",fd5d2085-cd92-40e7-876b-dc3a89ac10c5,770a6624-1044-4d3f-92ce-b107c76c0963,{}
83037f6d-af93-4765-9852-9b7cd91eb383,gallery,f94531a5-4009-4bdd-9305-aa9316a68edf.jpg,d85822b7-7ff6-42c6-b5c8-d0145eb78b18,2025-03-04 14:43:55.860145+00,2025-03-04 14:43:55.860145+00,2025-03-04 14:43:55.860145+00,"{""eTag"": ""\""a08863eea2d470b832e319ff5cdd6d13\"""", ""size"": 629249, ""mimetype"": ""image/png"", ""cacheControl"": ""max-age=3600"", ""lastModified"": ""2025-03-04T14:43:56.000Z"", ""contentLength"": 629249, ""httpStatusCode"": 200}","[""f94531a5-4009-4bdd-9305-aa9316a68edf.jpg""]",86d0c623-d5b7-4319-895d-c3404f24d38c,d85822b7-7ff6-42c6-b5c8-d0145eb78b18,{}
851b1792-6768-4700-843d-73bd5ab34dd3,products,full-body-d9c62f5e-74e6-472a-bf0d-a5ff71b98c8c.png,,2025-02-28 23:08:09.310152+00,2025-02-28 23:08:09.310152+00,2025-02-28 23:08:09.310152+00,"{""eTag"": ""\""abf2b8cd1e68c0e1f1a66a8205aefc5a\"""", ""size"": 1474379, ""mimetype"": ""image/png"", ""cacheControl"": ""max-age=3600"", ""lastModified"": ""2025-02-28T23:08:10.000Z"", ""contentLength"": 1474379, ""httpStatusCode"": 200}","[""full-body-d9c62f5e-74e6-472a-bf0d-a5ff71b98c8c.png""]",9f1e0880-9aa6-4fc5-8760-c6e4aaca74a3,,{}
8784bad9-e21f-4548-b890-f84c6ccf936e,models,ai-generated-7f83b929-46be-4092-aaa3-5b5471dad55a.png,75b1fd18-c490-40ed-baef-8575bd1f7285,2025-04-18 16:51:46.47782+00,2025-04-18 16:51:46.47782+00,2025-04-18 16:51:46.47782+00,"{""eTag"": ""\""603ae29565fb6ba29673bdc81d1a7b5d\"""", ""size"": 301043, ""mimetype"": ""image/jpeg"", ""cacheControl"": ""max-age=3600"", ""lastModified"": ""2025-04-18T16:51:47.000Z"", ""contentLength"": 301043, ""httpStatusCode"": 200}","[""ai-generated-7f83b929-46be-4092-aaa3-5b5471dad55a.png""]",cf401e12-7a8a-4b6a-b4ee-7d0574f4c373,75b1fd18-c490-40ed-baef-8575bd1f7285,"{""source"": ""AI Generated"", ""category"": ""AI Generated"", ""aiGenerated"": ""true""}"
8894baed-4625-48d1-a7ce-63c1226cdfef,gallery,b9d68f85-24f8-4220-b8aa-f32aa5803f50-c4a9b949-7a40-4f94-824e-067057396cee.jpg,,2025-02-27 20:36:54.026685+00,2025-02-27 20:36:54.026685+00,2025-02-27 20:36:54.026685+00,"{""eTag"": ""\""3754ab9f273b860ed53392eae6e550e9\"""", ""size"": 569867, ""mimetype"": ""image/png"", ""cacheControl"": ""max-age=3600"", ""lastModified"": ""2025-02-27T20:36:54.000Z"", ""contentLength"": 569867, ""httpStatusCode"": 200}","[""b9d68f85-24f8-4220-b8aa-f32aa5803f50-c4a9b949-7a40-4f94-824e-067057396cee.jpg""]",15e662c6-5f91-4943-8607-c8706c23b94c,,{}
89181f9c-d2eb-4c92-ae64-9e9b900300b9,gallery,8690fe1a-7227-4e13-aac9-c6696efe47ef.jpg,,2025-02-27 19:28:08.412211+00,2025-02-27 19:28:08.412211+00,2025-02-27 19:28:08.412211+00,"{""eTag"": ""\""3297db08079ae5d662bcf89b76008969\"""", ""size"": 566067, ""mimetype"": ""image/png"", ""cacheControl"": ""max-age=3600"", ""lastModified"": ""2025-02-27T19:28:09.000Z"", ""contentLength"": 566067, ""httpStatusCode"": 200}","[""8690fe1a-7227-4e13-aac9-c6696efe47ef.jpg""]",9b5ce8df-1099-4567-ad13-1643106db9ce,,{}
892a4a79-b87a-4fb3-9712-5766bb242025,models,9d7a866c-8a04-4138-9c57-6d1239d17b97.jpg,,2025-02-25 22:04:32.65452+00,2025-02-25 22:04:32.65452+00,2025-02-25 22:04:32.65452+00,"{""eTag"": ""\""feff17125c8bea7ab3264d1799411341\"""", ""size"": 85782, ""mimetype"": ""image/jpeg"", ""cacheControl"": ""max-age=3600"", ""lastModified"": ""2025-02-25T22:04:33.000Z"", ""contentLength"": 85782, ""httpStatusCode"": 200}","[""9d7a866c-8a04-4138-9c57-6d1239d17b97.jpg""]",c56d5e3e-aa24-4127-8f0e-8e848ea59bce,,{}
89a5ac90-0c95-4696-ab71-7c2eb9e0b41c,gallery,2462f1b5-f682-4dcb-a241-261c08916951.jpg,d85822b7-7ff6-42c6-b5c8-d0145eb78b18,2025-03-04 14:44:40.039348+00,2025-03-04 14:44:40.039348+00,2025-03-04 14:44:40.039348+00,"{""eTag"": ""\""a08863eea2d470b832e319ff5cdd6d13\"""", ""size"": 629249, ""mimetype"": ""image/png"", ""cacheControl"": ""max-age=3600"", ""lastModified"": ""2025-03-04T14:44:40.000Z"", ""contentLength"": 629249, ""httpStatusCode"": 200}","[""2462f1b5-f682-4dcb-a241-261c08916951.jpg""]",0cced4de-facf-474f-890a-d8e31809dd65,d85822b7-7ff6-42c6-b5c8-d0145eb78b18,{}
8b22f4eb-0cb2-4327-b34d-e5464f45676a,models,5b9e0398-affc-4be1-9e47-2433fba79f52/90ad5dec-3cda-4ee7-870e-d56659d0626e.png,5b9e0398-affc-4be1-9e47-2433fba79f52,2025-04-17 17:40:14.255369+00,2025-04-17 17:40:14.255369+00,2025-04-17 17:40:14.255369+00,"{""eTag"": ""\""72bbcac40878867a93da7069ea915051\"""", ""size"": 734252, ""mimetype"": ""image/png"", ""cacheControl"": ""max-age=3600"", ""lastModified"": ""2025-04-17T17:40:15.000Z"", ""contentLength"": 734252, ""httpStatusCode"": 200}","[""5b9e0398-affc-4be1-9e47-2433fba79f52"",""90ad5dec-3cda-4ee7-870e-d56659d0626e.png""]",4f1ef0e7-f413-46f6-ba27-07c2a6697243,5b9e0398-affc-4be1-9e47-2433fba79f52,"{""source"": ""My Model"", ""category"": ""Uncategorized""}"
8ce4cc27-3ad5-4d6d-929a-159b5b2b21fc,models,66786bc2-af39-4e50-819e-2197c175e36f.png,,2025-02-28 21:00:49.090702+00,2025-02-28 21:00:49.090702+00,2025-02-28 21:00:49.090702+00,"{""eTag"": ""\""cf1793dc8ee7ef699280895aea001a0a\"""", ""size"": 217464, ""mimetype"": ""image/jpeg"", ""cacheControl"": ""max-age=3600"", ""lastModified"": ""2025-02-28T21:00:49.000Z"", ""contentLength"": 217464, ""httpStatusCode"": 200}","[""66786bc2-af39-4e50-819e-2197c175e36f.png""]",4e5ca0dd-5dd7-4c0c-bb56-ec780df0e6fa,,{}
8d3900f2-ed39-4c49-b7a2-03b17fb1fe27,gallery,afaa8b76-a285-4006-8b7c-c07d4e27beab.jpg,75b1fd18-c490-40ed-baef-8575bd1f7285,2025-04-18 16:51:24.709008+00,2025-04-18 16:51:24.709008+00,2025-04-18 16:51:24.709008+00,"{""eTag"": ""\""d666bb82941ba1436df9ca296409637a\"""", ""size"": 617621, ""mimetype"": ""image/png"", ""cacheControl"": ""max-age=3600"", ""lastModified"": ""2025-04-18T16:51:25.000Z"", ""contentLength"": 617621, ""httpStatusCode"": 200}","[""afaa8b76-a285-4006-8b7c-c07d4e27beab.jpg""]",1eb3203d-ed03-4e45-8c40-67c9e22cac47,75b1fd18-c490-40ed-baef-8575bd1f7285,{}
8d6fb0f0-2f27-4292-9554-f9980ed27a42,garment-images,d75b4078-b416-47bf-a472-bf78b268159a-wersi-elbise-24y477-d98b6a.png,770a6624-1044-4d3f-92ce-b107c76c0963,2025-02-24 21:05:19.652769+00,2025-02-24 21:05:19.652769+00,2025-02-24 21:05:19.652769+00,"{""eTag"": ""\""632f2c1c79e1dbf33312523af2936330-2\"""", ""size"": 7260796, ""mimetype"": ""image/png"", ""cacheControl"": ""max-age=3600"", ""lastModified"": ""2025-02-24T21:05:20.000Z"", ""contentLength"": 7260796, ""httpStatusCode"": 200}","[""d75b4078-b416-47bf-a472-bf78b268159a-wersi-elbise-24y477-d98b6a.png""]",4fd9ba1a-9c50-4db0-b0e7-d22becd1eb0e,770a6624-1044-4d3f-92ce-b107c76c0963,{}
8ed98614-3378-4073-963f-d32d680ea498,gallery,user_585eb7cd-ab09-4c53-92b3-cc5c61e7bc64/c3f2db52-308b-4ad5-8c20-25112ef8840e.png,585eb7cd-ab09-4c53-92b3-cc5c61e7bc64,2025-04-18 20:48:12.642406+00,2025-04-18 20:48:12.642406+00,2025-04-18 20:48:12.642406+00,"{""eTag"": ""\""d0324c88d8fb73c1d8fee992c0809180\"""", ""size"": 593431, ""mimetype"": ""image/png"", ""cacheControl"": ""max-age=3600"", ""lastModified"": ""2025-04-18T20:48:13.000Z"", ""contentLength"": 593431, ""httpStatusCode"": 200}","[""user_585eb7cd-ab09-4c53-92b3-cc5c61e7bc64"",""c3f2db52-308b-4ad5-8c20-25112ef8840e.png""]",2ffdc652-6f76-4b55-ac73-f4d3d864a902,585eb7cd-ab09-4c53-92b3-cc5c61e7bc64,"{""category"": ""top"", ""modelName"": ""TrendyMirror_2.png"", ""garmentName"": ""110000079539214.jpg""}"
91d32b82-e00d-4974-9e9e-838dbd2b2007,models,default/TrendyMirror_1.png,,2025-02-26 20:09:11.736075+00,2025-02-26 20:09:11.736075+00,2025-02-26 20:09:11.736075+00,"{""eTag"": ""\""7eab6e4b63aea27e32251a8ebb354777-1\"""", ""size"": 912901, ""mimetype"": ""image/png"", ""cacheControl"": ""max-age=3600"", ""lastModified"": ""2025-02-26T20:09:11.000Z"", ""contentLength"": 912901, ""httpStatusCode"": 200}","[""default"",""TrendyMirror_1.png""]",f3988329-4eac-426d-9854-a4674cfdd616,,
951d3120-bc72-43b0-9867-9bad051007fd,models,user_585eb7cd-ab09-4c53-92b3-cc5c61e7bc64/e8cb9fe3-872d-4f6f-80e3-f13c54bc34d4.png,585eb7cd-ab09-4c53-92b3-cc5c61e7bc64,2025-04-18 20:49:27.521005+00,2025-04-18 20:49:27.521005+00,2025-04-18 20:49:27.521005+00,"{""eTag"": ""\""530906713bb4aa70651b6b68f24e137f\"""", ""size"": 607730, ""mimetype"": ""image/png"", ""cacheControl"": ""max-age=3600"", ""lastModified"": ""2025-04-18T20:49:28.000Z"", ""contentLength"": 607730, ""httpStatusCode"": 200}","[""user_585eb7cd-ab09-4c53-92b3-cc5c61e7bc64"",""e8cb9fe3-872d-4f6f-80e3-f13c54bc34d4.png""]",bafdfd9b-2f08-42cd-bf69-c84596fa271d,585eb7cd-ab09-4c53-92b3-cc5c61e7bc64,"{""source"": ""My Model"", ""category"": ""Uncategorized""}"
96506beb-de39-472e-8456-f8245df7b843,models,ai-generated-e77d5689-c7be-4574-80bb-90e37080dd11.png,d73f4664-cf3b-4b3e-8805-810b742deaa2,2025-04-17 23:32:00.419198+00,2025-04-17 23:32:00.419198+00,2025-04-17 23:32:00.419198+00,"{""eTag"": ""\""49303872fe24ea309a05da4ffbc9e9f3\"""", ""size"": 362526, ""mimetype"": ""image/jpeg"", ""cacheControl"": ""max-age=3600"", ""lastModified"": ""2025-04-17T23:32:01.000Z"", ""contentLength"": 362526, ""httpStatusCode"": 200}","[""ai-generated-e77d5689-c7be-4574-80bb-90e37080dd11.png""]",40b191e4-d25b-4551-9f97-2fde619f2f3d,d73f4664-cf3b-4b3e-8805-810b742deaa2,"{""source"": ""AI Generated"", ""category"": ""AI Generated"", ""aiGenerated"": ""true""}"
96a58e8d-4b80-4104-918b-ff6de9caa086,products,user_770a6624-1044-4d3f-92ce-b107c76c0963/top-8e6077a0-4572-44ba-a112-82deb3def8f9.png,770a6624-1044-4d3f-92ce-b107c76c0963,2025-03-04 01:10:54.506959+00,2025-03-04 01:10:54.506959+00,2025-03-04 01:10:54.506959+00,"{""eTag"": ""\""cd7cd88f2d9e0ed7b009647c230cdf4d\"""", ""size"": 1268976, ""mimetype"": ""image/png"", ""cacheControl"": ""max-age=3600"", ""lastModified"": ""2025-03-04T01:10:55.000Z"", ""contentLength"": 1268976, ""httpStatusCode"": 200}","[""user_770a6624-1044-4d3f-92ce-b107c76c0963"",""top-8e6077a0-4572-44ba-a112-82deb3def8f9.png""]",ad6cb03a-953a-40ab-bc99-86844be71f8d,770a6624-1044-4d3f-92ce-b107c76c0963,{}
98b1e1ce-38af-4f74-b059-67d3edcccb9a,models,user_e4069ef9-625b-4140-9bee-8efc5e90da4f/3ab4e4d1-2659-4905-aad6-85eb805e4e50.jpg,e4069ef9-625b-4140-9bee-8efc5e90da4f,2025-03-04 02:08:24.866397+00,2025-03-04 02:08:24.866397+00,2025-03-04 02:08:24.866397+00,"{""eTag"": ""\""9594b998ecd6d46b782c882000591ca4\"""", ""size"": 1144225, ""mimetype"": ""image/jpeg"", ""cacheControl"": ""max-age=3600"", ""lastModified"": ""2025-03-04T02:08:25.000Z"", ""contentLength"": 1144225, ""httpStatusCode"": 200}","[""user_e4069ef9-625b-4140-9bee-8efc5e90da4f"",""3ab4e4d1-2659-4905-aad6-85eb805e4e50.jpg""]",60069292-62fd-4dac-9b3e-c28a7488e580,e4069ef9-625b-4140-9bee-8efc5e90da4f,"{""source"": ""My Model"", ""category"": ""Uncategorized""}"
99fb7106-b43f-4845-8f8d-5bb167a95448,gallery,752255c5-010a-45bd-a8ef-ef13c4465bc5.jpg,585eb7cd-ab09-4c53-92b3-cc5c61e7bc64,2025-04-18 20:41:52.486275+00,2025-04-18 20:41:52.486275+00,2025-04-18 20:41:52.486275+00,"{""eTag"": ""\""882d77e9186d58f6707179e5c997adf8\"""", ""size"": 627170, ""mimetype"": ""image/png"", ""cacheControl"": ""max-age=3600"", ""lastModified"": ""2025-04-18T20:41:53.000Z"", ""contentLength"": 627170, ""httpStatusCode"": 200}","[""752255c5-010a-45bd-a8ef-ef13c4465bc5.jpg""]",4f63b0ff-2d36-4208-853f-c47e97c41136,585eb7cd-ab09-4c53-92b3-cc5c61e7bc64,{}
9a5e1a71-515f-43cb-ab97-92184095fd80,products,fbc062ac-5ef6-437c-b300-70f46aa8434f-bottom.jpg,,2025-02-28 23:03:03.077335+00,2025-02-28 23:03:03.077335+00,2025-02-28 23:03:03.077335+00,"{""eTag"": ""\""43a3290944a5c8be8711085b0b135321\"""", ""size"": 91282, ""mimetype"": ""image/jpeg"", ""cacheControl"": ""max-age=3600"", ""lastModified"": ""2025-02-28T23:03:03.000Z"", ""contentLength"": 91282, ""httpStatusCode"": 200}","[""fbc062ac-5ef6-437c-b300-70f46aa8434f-bottom.jpg""]",4aeb5fc8-b4e4-4971-a5ab-f1d7db06ce63,,{}
9b52f988-b486-4131-980f-0cb16cae4751,models,5b9e0398-affc-4be1-9e47-2433fba79f52/ai-model-f155d1b1.png,5b9e0398-affc-4be1-9e47-2433fba79f52,2025-04-17 17:40:28.636725+00,2025-04-17 17:40:28.636725+00,2025-04-17 17:40:28.636725+00,"{""eTag"": ""\""782921ef82b062e0464af6d80a56623f\"""", ""size"": 394976, ""mimetype"": ""image/jpeg"", ""cacheControl"": ""max-age=3600"", ""lastModified"": ""2025-04-17T17:40:29.000Z"", ""contentLength"": 394976, ""httpStatusCode"": 200}","[""5b9e0398-affc-4be1-9e47-2433fba79f52"",""ai-model-f155d1b1.png""]",a3d6de46-2a6f-4f9f-a402-730b8fe922d4,5b9e0398-affc-4be1-9e47-2433fba79f52,"{""source"": ""AI Generated"", ""category"": ""AI Model""}"
9b79f50a-58ef-4f13-a177-97fa2ff6d599,models,ai-generated-12fd2647-4c43-4da1-bcbb-bffaa628306c.png,75b1fd18-c490-40ed-baef-8575bd1f7285,2025-04-17 23:20:52.470377+00,2025-04-17 23:20:52.470377+00,2025-04-17 23:20:52.470377+00,"{""eTag"": ""\""027f0197f96558038152432580312e51\"""", ""size"": 396717, ""mimetype"": ""image/jpeg"", ""cacheControl"": ""max-age=3600"", ""lastModified"": ""2025-04-17T23:20:53.000Z"", ""contentLength"": 396717, ""httpStatusCode"": 200}","[""ai-generated-12fd2647-4c43-4da1-bcbb-bffaa628306c.png""]",cbdb0af5-76d5-47d4-8185-541c3a0a043d,75b1fd18-c490-40ed-baef-8575bd1f7285,"{""source"": ""AI Generated"", ""category"": ""AI Generated"", ""aiGenerated"": ""true""}"
9c5ba250-b397-4f11-8ece-3474b04a9145,models,5b9e0398-affc-4be1-9e47-2433fba79f52/4965431a-68db-4ce7-8b94-23431559c768.png,5b9e0398-affc-4be1-9e47-2433fba79f52,2025-04-17 20:02:38.114925+00,2025-04-17 20:02:38.114925+00,2025-04-17 20:02:38.114925+00,"{""eTag"": ""\""c8a3f99a32658ad9b1655859fffb8513\"""", ""size"": 1107643, ""mimetype"": ""image/png"", ""cacheControl"": ""max-age=3600"", ""lastModified"": ""2025-04-17T20:02:39.000Z"", ""contentLength"": 1107643, ""httpStatusCode"": 200}","[""5b9e0398-affc-4be1-9e47-2433fba79f52"",""4965431a-68db-4ce7-8b94-23431559c768.png""]",16ebd373-3045-46d6-8b77-8f5000fa2a98,5b9e0398-affc-4be1-9e47-2433fba79f52,"{""source"": ""My Model"", ""category"": ""Uncategorized""}"
9e7c560c-e895-4755-b88c-4951bc0b41cb,gallery,97ac7b7a-607c-4e47-b198-958c3a276a1f-53420562-e758-4ca0-8d63-cb53ed1438ee.jpg,5b9e0398-affc-4be1-9e47-2433fba79f52,2025-04-17 20:43:14.714554+00,2025-04-17 20:43:14.714554+00,2025-04-17 20:43:14.714554+00,"{""eTag"": ""\""f644a578bd19988ca67675c75cbd0771\"""", ""size"": 551595, ""mimetype"": ""image/png"", ""cacheControl"": ""max-age=3600"", ""lastModified"": ""2025-04-17T20:43:15.000Z"", ""contentLength"": 551595, ""httpStatusCode"": 200}","[""97ac7b7a-607c-4e47-b198-958c3a276a1f-53420562-e758-4ca0-8d63-cb53ed1438ee.jpg""]",822d6785-fc9b-403f-a55f-155101e66d1f,5b9e0398-affc-4be1-9e47-2433fba79f52,{}
a0b577ee-cc85-4483-9de3-529fe5ef8fae,gallery,fe07ffda-57b0-4ae8-a80a-3af15c1fb587-fb845211-dd6a-4ff3-8b8f-1710ee02c64e-454e5f11-73a3-43cf-9051-a64869f9e37b.jpg,,2025-02-27 19:10:52.537481+00,2025-02-27 19:10:52.537481+00,2025-02-27 19:10:52.537481+00,"{""eTag"": ""\""9437f4d1442c33e77628469691511505\"""", ""size"": 627215, ""mimetype"": ""image/png"", ""cacheControl"": ""max-age=3600"", ""lastModified"": ""2025-02-27T19:10:53.000Z"", ""contentLength"": 627215, ""httpStatusCode"": 200}","[""fe07ffda-57b0-4ae8-a80a-3af15c1fb587-fb845211-dd6a-4ff3-8b8f-1710ee02c64e-454e5f11-73a3-43cf-9051-a64869f9e37b.jpg""]",a4cda3e8-7685-414b-bb5b-9ce064ba1dc4,,{}
a2d485fc-9a73-417d-9486-deeee6040515,models,default/TrendyMirror_13.png,,2025-02-26 20:09:14.372845+00,2025-02-26 20:09:14.372845+00,2025-02-26 20:09:14.372845+00,"{""eTag"": ""\""8fb7a59a45b297c418459e49253f95a6-1\"""", ""size"": 965663, ""mimetype"": ""image/png"", ""cacheControl"": ""max-age=3600"", ""lastModified"": ""2025-02-26T20:09:13.000Z"", ""contentLength"": 965663, ""httpStatusCode"": 200}","[""default"",""TrendyMirror_13.png""]",2947356c-70e5-43e9-8563-29160de0cff3,,
a3fe0fbd-eda9-47fe-8e32-6a88a9877f49,gallery,a416cef1-01e3-499c-979a-8cfd839c9387.jpg,585eb7cd-ab09-4c53-92b3-cc5c61e7bc64,2025-04-18 20:42:51.164714+00,2025-04-18 20:42:51.164714+00,2025-04-18 20:42:51.164714+00,"{""eTag"": ""\""882d77e9186d58f6707179e5c997adf8\"""", ""size"": 627170, ""mimetype"": ""image/png"", ""cacheControl"": ""max-age=3600"", ""lastModified"": ""2025-04-18T20:42:52.000Z"", ""contentLength"": 627170, ""httpStatusCode"": 200}","[""a416cef1-01e3-499c-979a-8cfd839c9387.jpg""]",4cec3ace-cdc7-43cd-a737-aa56dca6c4ed,585eb7cd-ab09-4c53-92b3-cc5c61e7bc64,{}
a5439679-d1b7-47ec-93c6-f4f0b800870c,models,c021bd50-4447-4aa5-96c8-2245d279751d-Your Model.Z,5b9e0398-affc-4be1-9e47-2433fba79f52,2025-04-17 20:43:10.875608+00,2025-04-17 20:43:10.875608+00,2025-04-17 20:43:10.875608+00,"{""eTag"": ""\""ed580856a88b288a9b06a559d669884a\"""", ""size"": 277524, ""mimetype"": ""image/jpeg"", ""cacheControl"": ""max-age=3600"", ""lastModified"": ""2025-04-17T20:43:11.000Z"", ""contentLength"": 277524, ""httpStatusCode"": 200}","[""c021bd50-4447-4aa5-96c8-2245d279751d-Your Model.Z""]",0a82e947-a65c-41af-9e39-488839885024,5b9e0398-affc-4be1-9e47-2433fba79f52,{}
a5cd3d38-b5c7-4b2c-804c-e9906d79da22,models,5b9e0398-affc-4be1-9e47-2433fba79f52/ai-model-2b3c111e.png,5b9e0398-affc-4be1-9e47-2433fba79f52,2025-04-17 19:59:54.668209+00,2025-04-17 19:59:54.668209+00,2025-04-17 19:59:54.668209+00,"{""eTag"": ""\""32374f19894a69245eefcc54fd556e76\"""", ""size"": 396737, ""mimetype"": ""image/jpeg"", ""cacheControl"": ""max-age=3600"", ""lastModified"": ""2025-04-17T19:59:55.000Z"", ""contentLength"": 396737, ""httpStatusCode"": 200}","[""5b9e0398-affc-4be1-9e47-2433fba79f52"",""ai-model-2b3c111e.png""]",68b586f4-5ea7-4596-95f9-593d5f8ffc46,5b9e0398-affc-4be1-9e47-2433fba79f52,"{""source"": ""AI Generated"", ""category"": ""AI Model""}"
aaa7980e-d60b-4a55-be39-6b944a2a9ace,models,default/TrendyMirror_3.png,,2025-02-26 20:09:11.833346+00,2025-02-26 20:09:11.833346+00,2025-02-26 20:09:11.833346+00,"{""eTag"": ""\""33a47bd82f29fb08e6b1f6ea97a93966-1\"""", ""size"": 960674, ""mimetype"": ""image/png"", ""cacheControl"": ""max-age=3600"", ""lastModified"": ""2025-02-26T20:09:11.000Z"", ""contentLength"": 960674, ""httpStatusCode"": 200}","[""default"",""TrendyMirror_3.png""]",a44d0dbf-5125-4fbd-b7a7-c6ada12c7667,,
ab9bf1ea-ae24-4009-b96e-280d37b464d5,model-images,68e9da50-a469-4660-8d06-650cb3f77937-101a90758_kahve.png,770a6624-1044-4d3f-92ce-b107c76c0963,2025-02-24 21:02:58.745996+00,2025-02-24 21:02:58.745996+00,2025-02-24 21:02:58.745996+00,"{""eTag"": ""\""d68b83518a997fa7766ad8a176be4d3e\"""", ""size"": 813500, ""mimetype"": ""image/png"", ""cacheControl"": ""max-age=3600"", ""lastModified"": ""2025-02-24T21:02:59.000Z"", ""contentLength"": 813500, ""httpStatusCode"": 200}","[""68e9da50-a469-4660-8d06-650cb3f77937-101a90758_kahve.png""]",9b6b32a2-3c3d-46ce-8a5e-817a094d65d6,770a6624-1044-4d3f-92ce-b107c76c0963,{}
acd17db8-eb7a-4b9d-b372-75adcc7a6690,models,5b9e0398-affc-4be1-9e47-2433fba79f52/ai-model-4fef9f0f.png,5b9e0398-affc-4be1-9e47-2433fba79f52,2025-04-17 19:52:28.344485+00,2025-04-17 19:52:28.344485+00,2025-04-17 19:52:28.344485+00,"{""eTag"": ""\""32374f19894a69245eefcc54fd556e76\"""", ""size"": 396737, ""mimetype"": ""image/jpeg"", ""cacheControl"": ""max-age=3600"", ""lastModified"": ""2025-04-17T19:52:29.000Z"", ""contentLength"": 396737, ""httpStatusCode"": 200}","[""5b9e0398-affc-4be1-9e47-2433fba79f52"",""ai-model-4fef9f0f.png""]",dc94284d-2014-45d7-8fcf-b438b101b584,5b9e0398-affc-4be1-9e47-2433fba79f52,"{""source"": ""AI Generated"", ""category"": ""AI Model""}"
b1cc714b-077c-4aed-8fbb-eacdb2734e6c,models,ai-generated-4a00a558-dca3-439a-b73a-df15674a82f9.png,75b1fd18-c490-40ed-baef-8575bd1f7285,2025-04-18 16:41:52.556571+00,2025-04-18 16:41:52.556571+00,2025-04-18 16:41:52.556571+00,"{""eTag"": ""\""28441a791521f9d8c2c852e6f1dc168d\"""", ""size"": 372264, ""mimetype"": ""image/jpeg"", ""cacheControl"": ""max-age=3600"", ""lastModified"": ""2025-04-18T16:41:53.000Z"", ""contentLength"": 372264, ""httpStatusCode"": 200}","[""ai-generated-4a00a558-dca3-439a-b73a-df15674a82f9.png""]",4200a1e5-69fd-4da4-b83c-0ea678378c34,75b1fd18-c490-40ed-baef-8575bd1f7285,"{""source"": ""AI Generated"", ""category"": ""AI Generated"", ""aiGenerated"": ""true""}"
b4428a23-9e63-4112-8d21-8e4296ccf5b6,gallery,a8e1920f-1672-4fbb-9358-3f7e8ed2661c-6bebdb13-614a-4402-8116-4696b450a8d0-5bc06297-5bed-4235-a949-3632846d1b29.jpg,,2025-02-28 22:22:26.264307+00,2025-02-28 22:22:26.264307+00,2025-02-28 22:22:26.264307+00,"{""eTag"": ""\""ccabfd993b2a1782175970ad3037656a\"""", ""size"": 579117, ""mimetype"": ""image/png"", ""cacheControl"": ""max-age=3600"", ""lastModified"": ""2025-02-28T22:22:27.000Z"", ""contentLength"": 579117, ""httpStatusCode"": 200}","[""a8e1920f-1672-4fbb-9358-3f7e8ed2661c-6bebdb13-614a-4402-8116-4696b450a8d0-5bc06297-5bed-4235-a949-3632846d1b29.jpg""]",5813fe5b-4f5b-48da-9e3e-9142477c66f2,,{}
b4749800-2423-4e57-9ae5-7664067f16e3,gallery,3f8e0a80-5b0c-4216-9267-cd6542ab7f5f.jpg,,2025-03-01 21:44:30.349972+00,2025-03-01 21:44:30.349972+00,2025-03-01 21:44:30.349972+00,"{""eTag"": ""\""0158729d5ab45eb242a1c97f8ee07968\"""", ""size"": 493535, ""mimetype"": ""image/png"", ""cacheControl"": ""max-age=3600"", ""lastModified"": ""2025-03-01T21:44:31.000Z"", ""contentLength"": 493535, ""httpStatusCode"": 200}","[""3f8e0a80-5b0c-4216-9267-cd6542ab7f5f.jpg""]",238b649e-3143-4972-bc62-b546c85b5087,,{}
b5fb738f-c6bd-452e-9c44-b1beb8ef81bf,models,default/TrendyMirror_9.png,,2025-02-26 20:09:11.740917+00,2025-02-26 20:09:11.740917+00,2025-02-26 20:09:11.740917+00,"{""eTag"": ""\""926b8bc1cb6d92b248a393edc5982a5d-1\"""", ""size"": 935321, ""mimetype"": ""image/png"", ""cacheControl"": ""max-age=3600"", ""lastModified"": ""2025-02-26T20:09:11.000Z"", ""contentLength"": 935321, ""httpStatusCode"": 200}","[""default"",""TrendyMirror_9.png""]",689b5d65-0f62-4133-80e3-bf99ac192ad8,,
b6a6df75-9070-4bc4-8082-395b4f0eade3,products,e2d25af6-87b4-4405-851f-d3653aa17da5-bottom.png,,2025-02-25 23:43:01.054313+00,2025-02-25 23:43:01.054313+00,2025-02-25 23:43:01.054313+00,"{""eTag"": ""\""2db31921656555f171e7942ec8018a90\"""", ""size"": 2353357, ""mimetype"": ""image/png"", ""cacheControl"": ""max-age=3600"", ""lastModified"": ""2025-02-25T23:43:01.000Z"", ""contentLength"": 2353357, ""httpStatusCode"": 200}","[""e2d25af6-87b4-4405-851f-d3653aa17da5-bottom.png""]",9acd4437-9cd3-447b-a59c-3ea6b3288dd4,,{}
b8944814-cdf4-4266-a483-1673876b5a83,gallery,96e31c17-aa66-474b-9310-ac66d0bfa061.jpg,d73f4664-cf3b-4b3e-8805-810b742deaa2,2025-04-17 23:29:50.028599+00,2025-04-17 23:29:50.028599+00,2025-04-17 23:29:50.028599+00,"{""eTag"": ""\""1c1c00ef101225baa0c1827e1212e109\"""", ""size"": 593130, ""mimetype"": ""image/png"", ""cacheControl"": ""max-age=3600"", ""lastModified"": ""2025-04-17T23:29:50.000Z"", ""contentLength"": 593130, ""httpStatusCode"": 200}","[""96e31c17-aa66-474b-9310-ac66d0bfa061.jpg""]",ef458a31-d080-4817-b86f-38385ad80df1,d73f4664-cf3b-4b3e-8805-810b742deaa2,{}
ba14e875-9246-416c-ab00-11164d04ace1,models,default/TrendyMirror_7.png,,2025-02-26 20:09:11.588588+00,2025-02-26 20:09:11.588588+00,2025-02-26 20:09:11.588588+00,"{""eTag"": ""\""55cc17b4fe8386275f866b5cd87f43dd-1\"""", ""size"": 942263, ""mimetype"": ""image/png"", ""cacheControl"": ""max-age=3600"", ""lastModified"": ""2025-02-26T20:09:11.000Z"", ""contentLength"": 942263, ""httpStatusCode"": 200}","[""default"",""TrendyMirror_7.png""]",8d05c58a-96c8-4c4f-80f2-69ce88689d06,,
ba7a8432-5714-4957-855e-22d7879c7fac,models,6b194088-9769-4c28-a09b-59fbd8a9bcbd.jpg,,2025-02-25 23:53:51.23419+00,2025-02-25 23:53:51.23419+00,2025-02-25 23:53:51.23419+00,"{""eTag"": ""\""cf0952eb3827af65bc8be8e504786bd7\"""", ""size"": 57701, ""mimetype"": ""image/jpeg"", ""cacheControl"": ""max-age=3600"", ""lastModified"": ""2025-02-25T23:53:52.000Z"", ""contentLength"": 57701, ""httpStatusCode"": 200}","[""6b194088-9769-4c28-a09b-59fbd8a9bcbd.jpg""]",e943f805-9e8e-4e0a-92fe-3826f69a3b91,,{}
baf18f26-5289-48b1-9715-1993224af096,products,b27995b7-a9a9-41d7-9b6d-d17a0108d336-top.png,,2025-02-25 23:55:43.267367+00,2025-02-25 23:55:43.267367+00,2025-02-25 23:55:43.267367+00,"{""eTag"": ""\""145e9338efa620bd792d9410421c42b1\"""", ""size"": 258256, ""mimetype"": ""image/png"", ""cacheControl"": ""max-age=3600"", ""lastModified"": ""2025-02-25T23:55:44.000Z"", ""contentLength"": 258256, ""httpStatusCode"": 200}","[""b27995b7-a9a9-41d7-9b6d-d17a0108d336-top.png""]",8537039c-5c6b-4dfb-bb88-4b8093402a6c,,{}
bd287701-0de1-4df5-9104-769a3c354c9d,models,5b9e0398-affc-4be1-9e47-2433fba79f52/609794f5-61f5-496c-a208-5ae027c005b1.png,5b9e0398-affc-4be1-9e47-2433fba79f52,2025-04-17 20:06:06.44007+00,2025-04-17 20:06:06.44007+00,2025-04-17 20:06:06.44007+00,"{""eTag"": ""\""c8a3f99a32658ad9b1655859fffb8513\"""", ""size"": 1107643, ""mimetype"": ""image/png"", ""cacheControl"": ""max-age=3600"", ""lastModified"": ""2025-04-17T20:06:07.000Z"", ""contentLength"": 1107643, ""httpStatusCode"": 200}","[""5b9e0398-affc-4be1-9e47-2433fba79f52"",""609794f5-61f5-496c-a208-5ae027c005b1.png""]",c79d5452-8f3e-4dfb-b2c3-26a5b55f0517,5b9e0398-affc-4be1-9e47-2433fba79f52,"{""source"": ""My Model"", ""category"": ""Uncategorized""}"
c10dd497-979c-4c2f-9353-2874be4712ad,models,1bb254fe-b0ea-47f1-b3a2-1fcd5a71549f.png,,2025-02-28 20:56:23.450988+00,2025-02-28 20:56:23.450988+00,2025-02-28 20:56:23.450988+00,"{""eTag"": ""\""041b4f86ada3a36cd59c6a6e7e04f6ca\"""", ""size"": 173267, ""mimetype"": ""image/jpeg"", ""cacheControl"": ""max-age=3600"", ""lastModified"": ""2025-02-28T20:56:24.000Z"", ""contentLength"": 173267, ""httpStatusCode"": 200}","[""1bb254fe-b0ea-47f1-b3a2-1fcd5a71549f.png""]",2fbd0949-d7b7-491f-8cf0-edd94b8f4227,,{}
c1401b86-81c4-4805-a9b0-962e7ab8e5d3,products,user_e4069ef9-625b-4140-9bee-8efc5e90da4f/bottom-0c46a12e-7fd0-4b3b-aab4-8786a2da31dc.jpg,e4069ef9-625b-4140-9bee-8efc5e90da4f,2025-03-04 02:09:12.559698+00,2025-03-04 02:09:12.559698+00,2025-03-04 02:09:12.559698+00,"{""eTag"": ""\""3754ab9f273b860ed53392eae6e550e9\"""", ""size"": 569867, ""mimetype"": ""image/jpeg"", ""cacheControl"": ""max-age=3600"", ""lastModified"": ""2025-03-04T02:09:13.000Z"", ""contentLength"": 569867, ""httpStatusCode"": 200}","[""user_e4069ef9-625b-4140-9bee-8efc5e90da4f"",""bottom-0c46a12e-7fd0-4b3b-aab4-8786a2da31dc.jpg""]",baee405b-69ec-41e5-b2e5-a69d02a6750e,e4069ef9-625b-4140-9bee-8efc5e90da4f,{}
c2017b18-5105-4d65-9095-b43e25890c38,gallery,b10a9c90-bdf0-4819-b22b-ca39dc02dcaa-576384f5-a4d7-43a3-be12-be2d2fe1a56d-e09a65d5-5bef-4947-896b-1cae2f40ab24.jpg,,2025-02-25 22:59:46.372134+00,2025-02-25 22:59:46.372134+00,2025-02-25 22:59:46.372134+00,"{""eTag"": ""\""1070cd7f4b3a1ca1862eb43756c20d44\"""", ""size"": 452706, ""mimetype"": ""image/png"", ""cacheControl"": ""max-age=3600"", ""lastModified"": ""2025-02-25T22:59:47.000Z"", ""contentLength"": 452706, ""httpStatusCode"": 200}","[""b10a9c90-bdf0-4819-b22b-ca39dc02dcaa-576384f5-a4d7-43a3-be12-be2d2fe1a56d-e09a65d5-5bef-4947-896b-1cae2f40ab24.jpg""]",a4cf6c89-e808-4fb5-903f-8fb245d9f521,,{}